class,x1,y1,z1,v1,x2,y2,z2,v2,x3,y3,z3,v3,x4,y4,z4,v4,x5,y5,z5,v5,x6,y6,z6,v6,x7,y7,z7,v7,x8,y8,z8,v8,x9,y9,z9,v9,x10,y10,z10,v10,x11,y11,z11,v11,x12,y12,z12,v12,x13,y13,z13,v13,x14,y14,z14,v14,x15,y15,z15,v15,x16,y16,z16,v16,x17,y17,z17,v17,x18,y18,z18,v18,x19,y19,z19,v19,x20,y20,z20,v20,x21,y21,z21,v21,x22,y22,z22,v22,x23,y23,z23,v23,x24,y24,z24,v24,x25,y25,z25,v25,x26,y26,z26,v26,x27,y27,z27,v27,x28,y28,z28,v28,x29,y29,z29,v29,x30,y30,z30,v30,x31,y31,z31,v31,x32,y32,z32,v32,x33,y33,z33,v33
down,0.503606379032135,0.32291868329048157,-0.23760178685188293,0.9999293684959412,0.5081609487533569,0.3074183166027069,-0.22339598834514618,0.9998514652252197,0.5113986730575562,0.3075079917907715,-0.22340044379234314,0.999789834022522,0.5148411393165588,0.30792030692100525,-0.22347447276115417,0.9997972846031189,0.49885445833206177,0.30890101194381714,-0.21822087466716766,0.9998785257339478,0.4961765706539154,0.30971670150756836,-0.21827927231788635,0.9998416304588318,0.49388256669044495,0.3106034994125366,-0.21831218898296356,0.9998697638511658,0.5209988951683044,0.3156070113182068,-0.13871216773986816,0.9996650218963623,0.4909975528717041,0.31750720739364624,-0.11406566947698593,0.9998661875724792,0.5112202167510986,0.33929505944252014,-0.20649051666259766,0.9998895525932312,0.49907779693603516,0.3404890298843384,-0.19981727004051208,0.9999186396598816,0.552122950553894,0.3980470895767212,-0.09089276194572449,0.9993716478347778,0.46543455123901367,0.3966453969478607,-0.056516796350479126,0.9998224377632141,0.6079062223434448,0.4115813374519348,-0.17872455716133118,0.9976368546485901,0.4113495945930481,0.4274651110172272,-0.12564954161643982,0.9895169734954834,0.5797363519668579,0.3210068643093109,-0.26312679052352905,0.988764762878418,0.43590521812438965,0.3361492455005646,-0.22880227863788605,0.9843549132347107,0.5762307047843933,0.29721081256866455,-0.2893006205558777,0.9519869089126587,0.4378463327884674,0.30944573879241943,-0.2585410177707672,0.959844708442688,0.5701926350593567,0.29561904072761536,-0.26978012919425964,0.9449293613433838,0.4427505433559418,0.3077425956726074,-0.24045896530151367,0.9560827016830444,0.5686612129211426,0.3056810200214386,-0.258240669965744,0.9327841997146606,0.4441693425178528,0.3204602897167206,-0.22647476196289062,0.9462188482284546,0.5376229882240295,0.6299833655357361,-0.013897511176764965,0.9985219240188599,0.48438605666160583,0.6325908899307251,0.013811610639095306,0.9985028505325317,0.5470302700996399,0.7942726016044617,-0.028157155960798264,0.5123531818389893,0.48601794242858887,0.7961322069168091,0.023792311549186707,0.5313932299613953,0.5618093013763428,0.9466307759284973,0.08609544485807419,0.2850412130355835,0.4878860116004944,0.9428094029426575,0.16541674733161926,0.32373857498168945,0.5620248913764954,0.9685328006744385,0.09305296838283539,0.24021993577480316,0.4905923306941986,0.9620347619056702,0.17621919512748718,0.2564663887023926,0.5736581683158875,0.9918821454048157,-0.0008218762231990695,0.28437700867652893,0.4752346873283386,0.9751488566398621,0.08055716753005981,0.29276224970817566
up,0.507775068283081,0.35108116269111633,-0.37395477294921875,0.999359667301178,0.5112457871437073,0.33338463306427,-0.3615342974662781,0.9992854595184326,0.5143679976463318,0.33146506547927856,-0.3615305721759796,0.9988552331924438,0.5174013376235962,0.3296796679496765,-0.3616323471069336,0.9991183876991272,0.5027197599411011,0.33440813422203064,-0.35568487644195557,0.9990956783294678,0.49980801343917847,0.3331700563430786,-0.3557589650154114,0.9983999133110046,0.49713316559791565,0.3319700062274933,-0.35580137372016907,0.9987789988517761,0.5214530229568481,0.32405248284339905,-0.27006736397743225,0.998515784740448,0.4931570589542389,0.32630470395088196,-0.24309733510017395,0.998820960521698,0.5137036442756653,0.3578190207481384,-0.33748164772987366,0.9986193776130676,0.5033259391784668,0.35624802112579346,-0.32976090908050537,0.9986176490783691,0.5458234548568726,0.35715043544769287,-0.25437358021736145,0.9987635016441345,0.4761223793029785,0.3654934763908386,-0.21018579602241516,0.9990621209144592,0.5560206770896912,0.27256661653518677,-0.3953896164894104,0.9970700740814209,0.4573988914489746,0.26777705550193787,-0.2787559926509857,0.9964274764060974,0.5331153869628906,0.1624908447265625,-0.47045081853866577,0.9867693185806274,0.4782198369503021,0.16564412415027618,-0.2918190062046051,0.9901841878890991,0.5246611833572388,0.1356429159641266,-0.512505054473877,0.9449664354324341,0.4864908754825592,0.13754208385944366,-0.3234971761703491,0.9637255072593689,0.5197581052780151,0.1359890103340149,-0.5015320777893066,0.9360961318016052,0.4903261065483093,0.1379934400320053,-0.31416305899620056,0.9580175876617432,0.5204712152481079,0.1472811996936798,-0.47118884325027466,0.9312930107116699,0.4885726869106293,0.149399071931839,-0.29313433170318604,0.9553347229957581,0.5414688587188721,0.6084588170051575,-0.0019320100545883179,0.9987545013427734,0.4903346002101898,0.616614043712616,0.001882165321148932,0.9986183643341064,0.5467546582221985,0.7743847370147705,0.01808081939816475,0.4966788589954376,0.48825836181640625,0.7782261371612549,0.035385143011808395,0.5588541030883789,0.5493956208229065,0.9076355695724487,0.21774716675281525,0.3070206940174103,0.4888213276863098,0.908962070941925,0.225712850689888,0.37212511897087097,0.5461047887802124,0.9259856939315796,0.23444771766662598,0.3025210499763489,0.49333277344703674,0.9197248816490173,0.23953695595264435,0.255224347114563,0.5565412640571594,0.9570820331573486,0.14557994902133942,0.2908927798271179,0.48245328664779663,0.956294059753418,0.13656210899353027,0.30687975883483887
down,0.5125073194503784,0.333175927400589,-0.22201474010944366,0.9997393488883972,0.5164388418197632,0.3169608414173126,-0.2089003026485443,0.9996496438980103,0.5193458795547485,0.3168160021305084,-0.20892992615699768,0.9994472861289978,0.5221646428108215,0.3168686330318451,-0.20902371406555176,0.9995439052581787,0.5080872774124146,0.3171454668045044,-0.2061508595943451,0.9996243715286255,0.5053575038909912,0.3171810507774353,-0.2061837911605835,0.9993778467178345,0.5028409361839294,0.31734514236450195,-0.20619118213653564,0.9995474219322205,0.5266312956809998,0.3191106915473938,-0.11171712726354599,0.9992577433586121,0.4974936544895172,0.32030314207077026,-0.10047563165426254,0.9995474219322205,0.5187503099441528,0.3476608395576477,-0.18381449580192566,0.999483048915863,0.5083485841751099,0.34792110323905945,-0.18084006011486053,0.9995412826538086,0.5556154847145081,0.3889703154563904,-0.045095451176166534,0.999386727809906,0.47337937355041504,0.3867333233356476,-0.03290809318423271,0.9995602369308472,0.6065331697463989,0.41756245493888855,-0.14553111791610718,0.9974594712257385,0.4241897165775299,0.44031938910484314,-0.12958382070064545,0.9977280497550964,0.58591628074646,0.3297533094882965,-0.29078608751296997,0.9908430576324463,0.43467146158218384,0.34676748514175415,-0.3120444715023041,0.9934632182121277,0.5811544060707092,0.3037959337234497,-0.3263113498687744,0.9608844518661499,0.4361228346824646,0.3189793825149536,-0.3513703942298889,0.9735538363456726,0.5762603878974915,0.2982998192310333,-0.31311631202697754,0.9552162289619446,0.44036999344825745,0.3155553340911865,-0.3403051495552063,0.9691600203514099,0.5752854347229004,0.30819645524024963,-0.2895177900791168,0.947365403175354,0.44211918115615845,0.3251730501651764,-0.3132646083831787,0.9637057781219482,0.5414585471153259,0.6182047724723816,-0.009023448452353477,0.998575747013092,0.48976007103919983,0.6205167174339294,0.00909515656530857,0.9985405206680298,0.5473728775978088,0.7894113063812256,-0.03245512396097183,0.5492450594902039,0.4884534776210785,0.791935384273529,-0.0020409722346812487,0.5887297987937927,0.5703301429748535,0.9361608624458313,0.06734885275363922,0.30606523156166077,0.48790687322616577,0.9358992576599121,0.12712408602237701,0.3680795729160309,0.5678114295005798,0.9625561833381653,0.07228399068117142,0.2868834137916565,0.494154155254364,0.9535658955574036,0.13572411239147186,0.2784893214702606,0.5753169059753418,0.9687952399253845,-0.02430066466331482,0.2972962260246277,0.4758455753326416,0.9702812433242798,0.03340959921479225,0.31240248680114746
down,0.5114670395851135,0.337217777967453,-0.22162845730781555,0.9996010661125183,0.515602707862854,0.3201028108596802,-0.21258874237537384,0.9994601607322693,0.5184445381164551,0.31968364119529724,-0.21261294186115265,0.9991775751113892,0.521324098110199,0.31933361291885376,-0.21271447837352753,0.9993306398391724,0.5084768533706665,0.3205537796020508,-0.20623810589313507,0.999448835849762,0.5062319040298462,0.32040613889694214,-0.20627422630786896,0.9991461038589478,0.503648042678833,0.3203175961971283,-0.20628786087036133,0.9993882775306702,0.526556670665741,0.32024696469306946,-0.12603814899921417,0.9989640712738037,0.49862179160118103,0.3218924105167389,-0.09825818240642548,0.9992170333862305,0.5175812244415283,0.34954479336738586,-0.1864524781703949,0.9992260932922363,0.508175253868103,0.34965506196022034,-0.17877228558063507,0.9993039965629578,0.5558696985244751,0.384265273809433,-0.0595938041806221,0.9992895126342773,0.4745451807975769,0.38365963101387024,-0.025349998846650124,0.9994856715202332,0.6068992614746094,0.41532930731773376,-0.15875007212162018,0.9969347715377808,0.4249085485935211,0.4309477210044861,-0.11641988903284073,0.9974735975265503,0.5851641297340393,0.3224107325077057,-0.29599228501319885,0.9838178157806396,0.43922853469848633,0.3350411057472229,-0.2982341945171356,0.9907258152961731,0.5810185670852661,0.29762110114097595,-0.3285907208919525,0.950011670589447,0.441976934671402,0.3103950619697571,-0.33550092577934265,0.968332827091217,0.57532799243927,0.2912476360797882,-0.31610891222953796,0.9441455006599426,0.44661417603492737,0.30691927671432495,-0.3223186135292053,0.9636596441268921,0.5738574862480164,0.3019877076148987,-0.29438042640686035,0.9379377961158752,0.4482724666595459,0.31652969121932983,-0.2989705204963684,0.9578767418861389,0.5426361560821533,0.6192812919616699,-0.008975307457149029,0.9985705614089966,0.4908948540687561,0.6229084730148315,0.009010008536279202,0.9984960556030273,0.5494133830070496,0.7846013307571411,-0.041803546249866486,0.5738064646720886,0.4880949556827545,0.7882634401321411,0.0039132460951805115,0.6241915225982666,0.5713232755661011,0.9360193014144897,0.04607522860169411,0.3398244082927704,0.4874294698238373,0.9326619505882263,0.13942162692546844,0.40778952836990356,0.5690101385116577,0.955755352973938,0.050452060997486115,0.3290855884552002,0.4937079846858978,0.9441096186637878,0.1487930715084076,0.31049850583076477,0.5822665095329285,0.9696301221847534,-0.04437577724456787,0.3285137712955475,0.47447332739830017,0.9682426452636719,0.05194859951734543,0.3441576063632965
up,0.5109392404556274,0.34171169996261597,-0.3576376736164093,0.999607264995575,0.5158849954605103,0.32586556673049927,-0.34334155917167664,0.9994906783103943,0.5188241004943848,0.3249479830265045,-0.34332576394081116,0.9991454482078552,0.5219351053237915,0.3242094814777374,-0.34341251850128174,0.9993112087249756,0.5077306032180786,0.32644400000572205,-0.3398459553718567,0.9994962215423584,0.5049101710319519,0.3259746730327606,-0.3399235010147095,0.9991738200187683,0.5021710991859436,0.325510710477829,-0.33995842933654785,0.9994394779205322,0.5264082551002502,0.32400745153427124,-0.24647767841815948,0.9988404512405396,0.4999868869781494,0.32326775789260864,-0.23074403405189514,0.9994046092033386,0.5167038440704346,0.3504132628440857,-0.319701224565506,0.9991089105606079,0.5062453150749207,0.34971439838409424,-0.3152594566345215,0.9993401169776917,0.5504136085510254,0.36110469698905945,-0.21922270953655243,0.9988135099411011,0.4775557518005371,0.3632790446281433,-0.1989017128944397,0.9994091987609863,0.5580037236213684,0.2790977358818054,-0.33156466484069824,0.9960060119628906,0.4605323374271393,0.2640611529350281,-0.26799872517585754,0.9975690841674805,0.5490473508834839,0.15483979880809784,-0.41807645559310913,0.9787198901176453,0.46132946014404297,0.153420090675354,-0.29652711749076843,0.9919635653495789,0.5480712652206421,0.12478871643543243,-0.46159639954566956,0.9343107342720032,0.46070224046707153,0.13208721578121185,-0.3303077816963196,0.9699820876121521,0.5388020873069763,0.12251438200473785,-0.4573269486427307,0.9263597130775452,0.46932095289230347,0.12702210247516632,-0.3293312191963196,0.965868353843689,0.5369368195533752,0.1313352733850479,-0.4225552976131439,0.9242380857467651,0.47219938039779663,0.1329105943441391,-0.30193573236465454,0.9623411297798157,0.5443565249443054,0.605388879776001,-0.0024333843030035496,0.9986099004745483,0.4944590628147125,0.613061249256134,0.0024364294949918985,0.9985085725784302,0.5489647388458252,0.7746630907058716,-0.007162334863096476,0.5563490390777588,0.49266380071640015,0.780458390712738,0.017013467848300934,0.6158842444419861,0.5639282464981079,0.9399012327194214,0.14454033970832825,0.3373536467552185,0.4932624399662018,0.915891706943512,0.19256478548049927,0.4204353094100952,0.5584759712219238,0.9655235409736633,0.15547309815883636,0.34414762258529663,0.49413198232650757,0.9403178095817566,0.20456638932228088,0.2907240390777588,0.5733067989349365,0.966477632522583,0.049632374197244644,0.3163682818412781,0.4801580309867859,0.9626514911651611,0.09503158181905746,0.3315334916114807
down,0.5106457471847534,0.33980265259742737,-0.30485427379608154,0.999530553817749,0.5142310261726379,0.3222408890724182,-0.2939775288105011,0.9994970560073853,0.5171301960945129,0.3216285705566406,-0.29398077726364136,0.9992894530296326,0.5201989412307739,0.3208501935005188,-0.2940800189971924,0.9994064569473267,0.5073086023330688,0.3232143521308899,-0.28965523838996887,0.9994426369667053,0.5047372579574585,0.3232758641242981,-0.28969937562942505,0.9991949796676636,0.5018519759178162,0.3233773410320282,-0.2896946966648102,0.999374270439148,0.5254777669906616,0.320460706949234,-0.19865426421165466,0.9991625547409058,0.4969678521156311,0.32344698905944824,-0.18028315901756287,0.9992465376853943,0.5167404413223267,0.3518821895122528,-0.2666335701942444,0.999241292476654,0.5072492361068726,0.35207679867744446,-0.2613380551338196,0.9992177486419678,0.5555397272109985,0.38015222549438477,-0.13666902482509613,0.9992574453353882,0.4734976887702942,0.3835197389125824,-0.10750117152929306,0.9995115399360657,0.6084181070327759,0.39140641689300537,-0.2569848597049713,0.9954999089241028,0.4208180010318756,0.40224435925483704,-0.21406173706054688,0.9956523776054382,0.5791349411010742,0.300634503364563,-0.38438427448272705,0.9807529449462891,0.44534268975257874,0.31416675448417664,-0.3813471496105194,0.9888923764228821,0.5751103758811951,0.2740043103694916,-0.42164960503578186,0.9424261450767517,0.45060858130455017,0.2850050628185272,-0.420419305562973,0.9634755253791809,0.568583607673645,0.27256637811660767,-0.4055306017398834,0.9355210661888123,0.45567360520362854,0.2859635353088379,-0.4038574695587158,0.9577734470367432,0.567358672618866,0.284620463848114,-0.3817863464355469,0.9286812543869019,0.45736274123191833,0.29861265420913696,-0.38089701533317566,0.9517741203308105,0.5440416932106018,0.619706928730011,-0.0071209087036550045,0.9985662698745728,0.4921347498893738,0.6250954866409302,0.007135624997317791,0.9984791278839111,0.5495837330818176,0.7889344692230225,-0.024933498352766037,0.6059895157814026,0.4896463453769684,0.7946596741676331,0.011153342202305794,0.6503896117210388,0.5719438791275024,0.9310116171836853,0.0832294225692749,0.36663758754730225,0.4901960492134094,0.9277457594871521,0.14675721526145935,0.42132002115249634,0.5706249475479126,0.9511885046958923,0.08877970278263092,0.3517880439758301,0.4954887330532074,0.9414041042327881,0.1558741331100464,0.32385000586509705,0.5764482617378235,0.9652448296546936,-0.013006806373596191,0.3387369215488434,0.4793790280818939,0.9681187868118286,0.052453525364398956,0.35072416067123413
up,0.5122374892234802,0.32481783628463745,-0.1697644591331482,0.9993097186088562,0.5159639120101929,0.3100053071975708,-0.14775410294532776,0.999088704586029,0.5187634229660034,0.3091702163219452,-0.1477670520544052,0.9984663724899292,0.5215164422988892,0.3086620271205902,-0.14783897995948792,0.9988119602203369,0.5070593953132629,0.31250619888305664,-0.14469702541828156,0.9989367723464966,0.5039249658584595,0.3131202757358551,-0.1447518765926361,0.9981499314308167,0.5010194778442383,0.3136008083820343,-0.14477144181728363,0.9986100196838379,0.5253714919090271,0.3140122890472412,-0.051284223794937134,0.9979491829872131,0.4968351423740387,0.31559306383132935,-0.03886115550994873,0.9986304044723511,0.517920196056366,0.3374860882759094,-0.13567888736724854,0.9984052777290344,0.5073425769805908,0.33728572726249695,-0.1318477988243103,0.9985045194625854,0.5500751733779907,0.3642614185810089,-0.04917745292186737,0.9986178874969482,0.4787423014640808,0.36825233697891235,-0.04429186135530472,0.9986912608146667,0.5588605403900146,0.2764599025249481,-0.12306158244609833,0.9959670305252075,0.45914340019226074,0.27683180570602417,-0.09479942917823792,0.9958751797676086,0.5420017838478088,0.1580822467803955,-0.15273477137088776,0.9895331263542175,0.4707412123680115,0.17065215110778809,-0.11561071872711182,0.9891092777252197,0.5365794897079468,0.12785883247852325,-0.1923518180847168,0.959602952003479,0.4699111878871918,0.1466359943151474,-0.1527959704399109,0.9620869159698486,0.5285423994064331,0.12680687010288239,-0.19246289134025574,0.9539755582809448,0.4774433970451355,0.1419724076986313,-0.14853517711162567,0.9568071365356445,0.5286414623260498,0.13841697573661804,-0.15936554968357086,0.9504607319831848,0.4795103073120117,0.15102341771125793,-0.12121526896953583,0.9554803371429443,0.5440122485160828,0.6134375333786011,0.006164386868476868,0.9988065361976624,0.49212202429771423,0.6219786405563354,-0.006086008157581091,0.9987149238586426,0.5509592294692993,0.775174617767334,0.03722619265317917,0.5597972869873047,0.490600049495697,0.7870557904243469,0.013603448867797852,0.6107639074325562,0.5596199035644531,0.9203192591667175,0.2206297367811203,0.32582178711891174,0.49447083473205566,0.9173467755317688,0.20502737164497375,0.409358412027359,0.5537687540054321,0.9416074156761169,0.23529379069805145,0.32857948541641235,0.4991627335548401,0.9332833290100098,0.21883293986320496,0.28006109595298767,0.5677691698074341,0.9655416011810303,0.14241710305213928,0.2936346232891083,0.48573604226112366,0.9665003418922424,0.11058391630649567,0.31848326325416565
down,0.5109603404998779,0.32154327630996704,-0.15761786699295044,0.9998078346252441,0.5151956081390381,0.3067272901535034,-0.14574047923088074,0.9996858835220337,0.5180311799049377,0.30665460228919983,-0.1457790583372116,0.9995194673538208,0.5208052396774292,0.30689990520477295,-0.14587309956550598,0.9995918869972229,0.5070779919624329,0.3072907626628876,-0.13922922313213348,0.9996926784515381,0.5044623017311096,0.30755874514579773,-0.13926956057548523,0.9995141625404358,0.5016363859176636,0.30784809589385986,-0.13930268585681915,0.9996508359909058,0.5257155299186707,0.31205666065216064,-0.0607466883957386,0.9993588924407959,0.49663931131362915,0.3133225440979004,-0.03269042819738388,0.9996227025985718,0.517907977104187,0.3370487093925476,-0.12493081390857697,0.9996233582496643,0.5072171092033386,0.3366832435131073,-0.11720596253871918,0.9996833801269531,0.555837869644165,0.3826696276664734,-0.00865251012146473,0.9994233846664429,0.47394147515296936,0.3831697702407837,0.035989709198474884,0.9996099472045898,0.6063581705093384,0.42392486333847046,-0.0878501906991005,0.9973921775817871,0.4253689646720886,0.43586742877960205,-0.030682096257805824,0.9974349737167358,0.58555668592453,0.3336211144924164,-0.19495239853858948,0.9908208250999451,0.4410316050052643,0.33965837955474854,-0.17219379544258118,0.9930936098098755,0.580717921257019,0.30812808871269226,-0.21943266689777374,0.9611961841583252,0.4439162313938141,0.3156304955482483,-0.20128536224365234,0.9703109264373779,0.5746398568153381,0.301800012588501,-0.2055562436580658,0.9552444815635681,0.4485529363155365,0.3125123977661133,-0.1849260777235031,0.9651901721954346,0.5735012292861938,0.31134364008903503,-0.19166342914104462,0.9457510113716125,0.45023518800735474,0.321256548166275,-0.17072759568691254,0.9587172865867615,0.5442466735839844,0.6164455413818359,-0.016050275415182114,0.9982732534408569,0.49194422364234924,0.6205456852912903,0.01611505076289177,0.9981769323348999,0.5501275062561035,0.7880910038948059,-0.04711097106337547,0.5224211812019348,0.4895201623439789,0.7922230362892151,0.012734455056488514,0.5494966506958008,0.5707334876060486,0.9395248293876648,0.04145760089159012,0.2730284035205841,0.4910952150821686,0.9332227110862732,0.13714198768138885,0.34365740418434143,0.5694594383239746,0.9629912376403809,0.04648073762655258,0.2549554109573364,0.4960688054561615,0.9493789672851562,0.1465303897857666,0.28529873490333557,0.5739277005195618,0.9697688817977905,-0.04222028702497482,0.2589694857597351,0.4749543070793152,0.9691437482833862,0.055494844913482666,0.2939906716346741
up,0.5088674426078796,0.33259063959121704,-0.2848944365978241,0.9995418787002563,0.5128851532936096,0.31710419058799744,-0.26516231894493103,0.9994014501571655,0.5155991911888123,0.3163868188858032,-0.2651585638523102,0.9990347027778625,0.5184968709945679,0.31581494212150574,-0.26523134112358093,0.9991915225982666,0.5052043795585632,0.31921908259391785,-0.26611319184303284,0.9993362426757812,0.5025792717933655,0.31979861855506897,-0.26616695523262024,0.9988701343536377,0.4999135136604309,0.32023537158966064,-0.266202449798584,0.9991416931152344,0.522769570350647,0.31821632385253906,-0.15559862554073334,0.9987393021583557,0.497126042842865,0.3205133080482483,-0.16078528761863708,0.9992254972457886,0.5140671133995056,0.34515777230262756,-0.24314165115356445,0.99908447265625,0.5051938891410828,0.34644487500190735,-0.24478530883789062,0.9991851449012756,0.5470319986343384,0.3624531626701355,-0.12688712775707245,0.9989668130874634,0.4769522249698639,0.369123250246048,-0.13857150077819824,0.9991898536682129,0.5445148944854736,0.268036425113678,-0.19534242153167725,0.9960656762123108,0.46736639738082886,0.2589399218559265,-0.20896463096141815,0.9963310956954956,0.5396953225135803,0.15063832700252533,-0.24418728053569794,0.9867369532585144,0.4779900908470154,0.15192507207393646,-0.23595185577869415,0.9915959239006042,0.5354303121566772,0.12264008820056915,-0.28571316599845886,0.9501023888587952,0.480459988117218,0.13005134463310242,-0.2764035761356354,0.9674468636512756,0.5285444855690002,0.11911170929670334,-0.2866925597190857,0.9426244497299194,0.48717793822288513,0.12347012758255005,-0.2803555727005005,0.9621906876564026,0.5278002023696899,0.1293606162071228,-0.251536101102829,0.9356827735900879,0.4874216914176941,0.1326206475496292,-0.2455764263868332,0.9579693078994751,0.5429437756538391,0.61036217212677,-0.0020213311072438955,0.9984889030456543,0.4938928186893463,0.6193019151687622,0.0021417264360934496,0.9983684420585632,0.5481318235397339,0.7752517461776733,0.0035085335839539766,0.544233500957489,0.49180206656455994,0.7834348082542419,0.05864958092570305,0.5558448433876038,0.5653852224349976,0.934663712978363,0.14596602320671082,0.3111882209777832,0.49288487434387207,0.9174559712409973,0.276417076587677,0.37143653631210327,0.5594896078109741,0.9618570804595947,0.154659241437912,0.3023056983947754,0.49749404191970825,0.9368520379066467,0.2916575074195862,0.283854216337204,0.5760858058929443,0.9687445163726807,0.04099530354142189,0.28558218479156494,0.48019424080848694,0.9625867009162903,0.17929837107658386,0.2977944314479828
up,0.5139041543006897,0.3357639014720917,-0.28930431604385376,0.9992823600769043,0.5175959467887878,0.3213994801044464,-0.2724476754665375,0.9990851283073425,0.5203465223312378,0.32071638107299805,-0.27244332432746887,0.9984592199325562,0.5231250524520874,0.3201149106025696,-0.2725343704223633,0.9987943172454834,0.5096564292907715,0.3221943974494934,-0.26977986097335815,0.9989100694656372,0.5068471431732178,0.32211607694625854,-0.26985031366348267,0.9981123208999634,0.5041853189468384,0.322034627199173,-0.26990315318107605,0.9985907673835754,0.5269957780838013,0.3203313648700714,-0.1717086136341095,0.9980608224868774,0.4997578561306,0.3217701315879822,-0.16076454520225525,0.9987950325012207,0.5190073251724243,0.3466147184371948,-0.25040408968925476,0.9985746741294861,0.5091702938079834,0.34727662801742554,-0.24736948311328888,0.9987103343009949,0.5511648058891296,0.359097957611084,-0.15074586868286133,0.9990085363388062,0.4784213900566101,0.36625006794929504,-0.13917921483516693,0.9992587566375732,0.5491787195205688,0.26991623640060425,-0.22947780787944794,0.9961836338043213,0.47457343339920044,0.2570458948612213,-0.1998591274023056,0.9967914819717407,0.5345562696456909,0.15805913507938385,-0.2636525630950928,0.9875452518463135,0.48989591002464294,0.15216201543807983,-0.18920236825942993,0.9909124374389648,0.5276247262954712,0.13143405318260193,-0.29955923557281494,0.9518342614173889,0.49723681807518005,0.12804202735424042,-0.21538755297660828,0.966793954372406,0.5223740935325623,0.1297929883003235,-0.29617175459861755,0.9447445273399353,0.5005413293838501,0.12688152492046356,-0.2140253335237503,0.9616611003875732,0.5229024887084961,0.13885095715522766,-0.2672761082649231,0.9392196536064148,0.4994833469390869,0.13550589978694916,-0.19191637635231018,0.9584959149360657,0.5450555086135864,0.6143134236335754,0.00341433216817677,0.9987003803253174,0.49295035004615784,0.620550811290741,-0.0033050435595214367,0.9986303448677063,0.5519214868545532,0.7780595421791077,0.016940752044320107,0.5378445982933044,0.4908285140991211,0.7844935059547424,0.027168497443199158,0.5859129428863525,0.5617902278900146,0.9260810613632202,0.2087431401014328,0.31568995118141174,0.4919555187225342,0.9132977724075317,0.22391076385974884,0.38969603180885315,0.5562219023704529,0.9453653693199158,0.2245093137025833,0.3186628520488739,0.49641260504722595,0.931513786315918,0.23877549171447754,0.2717941999435425,0.5698691010475159,0.967814564704895,0.13000598549842834,0.2908474802970886,0.48128542304039,0.9618849754333496,0.13260914385318756,0.30818983912467957
down,0.5108054280281067,0.3287334740161896,-0.18897759914398193,0.999601423740387,0.5152230262756348,0.3127252459526062,-0.17777930200099945,0.9993889927864075,0.5184153318405151,0.3123583495616913,-0.17781995236873627,0.9990566372871399,0.5215252041816711,0.3122694790363312,-0.17791840434074402,0.9992192983627319,0.5069777369499207,0.31337669491767883,-0.17151221632957458,0.9993747472763062,0.5042771100997925,0.31340330839157104,-0.17155322432518005,0.9989965558052063,0.5014690160751343,0.31352758407592773,-0.17157579958438873,0.9992789626121521,0.5273789167404175,0.315884530544281,-0.09042052924633026,0.9987585544586182,0.49740132689476013,0.31716328859329224,-0.0634383112192154,0.9991825222969055,0.5185422897338867,0.34278514981269836,-0.15517595410346985,0.9991945028305054,0.5072548985481262,0.3426506519317627,-0.1477440595626831,0.9992631673812866,0.5566615462303162,0.3808962404727936,-0.03297220915555954,0.999226987361908,0.4754239022731781,0.3836196959018707,0.01323190052062273,0.9994527697563171,0.6077800989151001,0.4169647693634033,-0.11924397945404053,0.9962014555931091,0.4246266782283783,0.43361014127731323,-0.02868223749101162,0.9960100054740906,0.582669198513031,0.3267350196838379,-0.24147751927375793,0.9864208102226257,0.4410625398159027,0.3413233757019043,-0.14665350317955017,0.9893510937690735,0.5772060751914978,0.302985817193985,-0.2704012095928192,0.9525631666183472,0.4444005489349365,0.31567850708961487,-0.17353516817092896,0.9629977345466614,0.5718516111373901,0.29737192392349243,-0.2572328448295593,0.9461194276809692,0.44923606514930725,0.3120158016681671,-0.15838925540447235,0.9572756886482239,0.5704751014709473,0.3080458641052246,-0.23888297379016876,0.9357318878173828,0.4507688581943512,0.32115378975868225,-0.14495006203651428,0.9492846131324768,0.5452703237533569,0.6204875707626343,-0.014064250513911247,0.9981488585472107,0.4923930764198303,0.6246373653411865,0.014129841700196266,0.9979416728019714,0.5513278245925903,0.7903169393539429,-0.04544290155172348,0.5176138281822205,0.4904289245605469,0.7975249290466309,0.002018798142671585,0.5698553323745728,0.5721864700317383,0.9358348250389099,0.06256662309169769,0.27935081720352173,0.49001628160476685,0.932977557182312,0.13297447562217712,0.35098862648010254,0.570564329624176,0.9586392641067505,0.06960869580507278,0.26573771238327026,0.49627748131752014,0.9480729699134827,0.14317473769187927,0.2809045910835266,0.5746743679046631,0.9693527817726135,-0.02253432385623455,0.2645729184150696,0.47738537192344666,0.9714570045471191,0.04586957395076752,0.2991664707660675
up,0.5103555917739868,0.33927276730537415,-0.2927287518978119,0.9988433122634888,0.5136955976486206,0.32391121983528137,-0.2773403823375702,0.9985860586166382,0.5164980292320251,0.32226207852363586,-0.27733948826789856,0.9977262616157532,0.5193407535552979,0.3209426999092102,-0.27743881940841675,0.9982455968856812,0.5058947801589966,0.3267795145511627,-0.27395716309547424,0.9982203245162964,0.503541886806488,0.32677990198135376,-0.2740169167518616,0.9969452023506165,0.5012850761413574,0.3268199861049652,-0.27405112981796265,0.9977157115936279,0.5232049226760864,0.3213483691215515,-0.18707607686519623,0.9970704317092896,0.4994356632232666,0.3262976408004761,-0.17088475823402405,0.9976181983947754,0.5159722566604614,0.3472752869129181,-0.2575802206993103,0.9973309636116028,0.5068706274032593,0.34884992241859436,-0.2532519996166229,0.9972830414772034,0.5479866862297058,0.365038126707077,-0.16887447237968445,0.9984926581382751,0.48422080278396606,0.37054115533828735,-0.14638905227184296,0.9983627200126648,0.5581308603286743,0.27779439091682434,-0.2593638300895691,0.9946902394294739,0.46692395210266113,0.27617016434669495,-0.21176616847515106,0.9941149353981018,0.5414660573005676,0.1613367795944214,-0.3146257996559143,0.9838991761207581,0.4807492792606354,0.1676989197731018,-0.2537344694137573,0.9862194657325745,0.5364956855773926,0.13245177268981934,-0.3516755700111389,0.9459653496742249,0.48444294929504395,0.14054465293884277,-0.2879801094532013,0.9569670557975769,0.5291095972061157,0.13118280470371246,-0.3425820469856262,0.9390837550163269,0.4907298982143402,0.13628898561000824,-0.2776421308517456,0.9514560103416443,0.5290713906288147,0.14279381930828094,-0.31606847047805786,0.9366288781166077,0.4911516606807709,0.1468808352947235,-0.2550116181373596,0.9503898024559021,0.5432034730911255,0.6160997748374939,-0.0010900457855314016,0.9987254738807678,0.49648338556289673,0.6218607425689697,0.0010796847054734826,0.9984694719314575,0.5493247509002686,0.7773734927177429,0.03233609348535538,0.4620048999786377,0.496133953332901,0.7792149186134338,0.045033685863018036,0.5506292581558228,0.5513924956321716,0.9066329002380371,0.22747941315174103,0.27456116676330566,0.49428701400756836,0.9060426354408264,0.2374447137117386,0.3529132008552551,0.5479994416236877,0.9231070876121521,0.24359261989593506,0.2809666693210602,0.49675434827804565,0.915467381477356,0.2527865171432495,0.23487605154514313,0.5547219514846802,0.9524828791618347,0.15834274888038635,0.25273841619491577,0.4961492121219635,0.9568039774894714,0.15937884151935577,0.281450092792511
down,0.5128316283226013,0.33659830689430237,-0.2698001265525818,0.999191164970398,0.5167473554611206,0.32016199827194214,-0.25981906056404114,0.999030351638794,0.5196627378463745,0.3195057511329651,-0.25986239314079285,0.9986650943756104,0.5226155519485474,0.3188769519329071,-0.2600001394748688,0.9988875389099121,0.5081214904785156,0.321044385433197,-0.25341957807540894,0.9989673495292664,0.5053032636642456,0.3209630250930786,-0.25346559286117554,0.9984848499298096,0.502282977104187,0.32082149386405945,-0.25347813963890076,0.9988328218460083,0.5278080701828003,0.3191313147544861,-0.16033987700939178,0.9985126852989197,0.4975179135799408,0.3214016854763031,-0.13555511832237244,0.998528003692627,0.5202004313468933,0.34878668189048767,-0.2289612591266632,0.9987221956253052,0.5089661478996277,0.3491976261138916,-0.22181209921836853,0.9986496567726135,0.5566973686218262,0.38036349415779114,-0.08968669921159744,0.9990798234939575,0.4745662808418274,0.3839249908924103,-0.04787535220384598,0.999211847782135,0.6097585558891296,0.4115448296070099,-0.19376802444458008,0.9927220940589905,0.42138537764549255,0.42630085349082947,-0.12745021283626556,0.9899412393569946,0.5830507874488831,0.322759211063385,-0.33925750851631165,0.975075364112854,0.44005393981933594,0.3320735692977905,-0.2899658977985382,0.983074426651001,0.5768922567367554,0.2982720136642456,-0.37355586886405945,0.9383031725883484,0.4434755742549896,0.3071454167366028,-0.3240928053855896,0.9560204148292542,0.571325957775116,0.292766273021698,-0.3588956296443939,0.9318636059761047,0.44859012961387634,0.3033512830734253,-0.3088451325893402,0.9503132700920105,0.5701372623443604,0.3033984303474426,-0.3366287350654602,0.922848641872406,0.4501594007015228,0.31408217549324036,-0.2894008755683899,0.9419305920600891,0.5445727109909058,0.6197218298912048,-0.012078107334673405,0.9982823729515076,0.49197107553482056,0.6252250075340271,0.012108828872442245,0.9979180097579956,0.5499762296676636,0.7922393083572388,-0.0441511794924736,0.5196843147277832,0.49019116163253784,0.8004680871963501,0.017119642347097397,0.5435553789138794,0.5711809396743774,0.9375451803207397,0.060825567692518234,0.29904448986053467,0.4904612600803375,0.9321569800376892,0.15667147934436798,0.34040021896362305,0.5694584250450134,0.9602956771850586,0.06686276942491531,0.3061501383781433,0.49645376205444336,0.9455165266990662,0.1659158170223236,0.3023085594177246,0.5734876990318298,0.9712898135185242,-0.028155207633972168,0.2746136486530304,0.4762685298919678,0.9713566899299622,0.068083755671978,0.28733542561531067
up,0.5111194849014282,0.33864879608154297,-0.35329726338386536,0.9987989664077759,0.5145016312599182,0.3243068754673004,-0.34035593271255493,0.9984722137451172,0.517346978187561,0.32303309440612793,-0.3403584361076355,0.9975864887237549,0.5202099680900574,0.3220066428184509,-0.3404596447944641,0.9980826377868652,0.5066441297531128,0.3259012699127197,-0.33506348729133606,0.9981560707092285,0.504306435585022,0.32558342814445496,-0.3351379632949829,0.9969541430473328,0.5020444393157959,0.3253840208053589,-0.3351876437664032,0.9977353811264038,0.5240089297294617,0.3220653831958771,-0.25086814165115356,0.9967795610427856,0.499556303024292,0.32522645592689514,-0.22721782326698303,0.9975611567497253,0.516980767250061,0.34723976254463196,-0.3178643584251404,0.9970964193344116,0.5074325799942017,0.34734266996383667,-0.3111376166343689,0.9971876740455627,0.5469369888305664,0.3628796935081482,-0.23697488009929657,0.9983445405960083,0.48187732696533203,0.36928296089172363,-0.2008950412273407,0.9987370371818542,0.5520005822181702,0.27652615308761597,-0.35718876123428345,0.9927784204483032,0.4683322310447693,0.2681144177913666,-0.2640877366065979,0.9931063055992126,0.5319100618362427,0.16322340071201324,-0.42047619819641113,0.9800035357475281,0.485713392496109,0.16130563616752625,-0.2713029384613037,0.9858623743057251,0.5263177752494812,0.13455668091773987,-0.46033114194869995,0.9405806064605713,0.49282845854759216,0.1336471140384674,-0.3010593354701996,0.9583567380905151,0.5209771394729614,0.13259948790073395,-0.45294803380966187,0.9331220388412476,0.4962490499019623,0.13191579282283783,-0.2940186858177185,0.9528287053108215,0.5212613940238953,0.14422495663166046,-0.4222482740879059,0.9271126985549927,0.49514240026474,0.14161346852779388,-0.2734243869781494,0.9495995044708252,0.5408048629760742,0.6157622337341309,-0.002923008520156145,0.9985210299491882,0.4974880814552307,0.6219387650489807,0.002901986474171281,0.9982816576957703,0.5451949834823608,0.7786003947257996,0.012102628126740456,0.47669363021850586,0.4993855953216553,0.782191276550293,0.030803507193922997,0.5128750801086426,0.551088809967041,0.9199973344802856,0.2000877559185028,0.28661081194877625,0.49721527099609375,0.9105141758918762,0.21375754475593567,0.3397429883480072,0.5474708676338196,0.9401088953018188,0.2155662328004837,0.29111048579216003,0.4969012141227722,0.9238458275794983,0.22733286023139954,0.25646334886550903,0.5568050742149353,0.9653956890106201,0.12397142499685287,0.26415759325027466,0.49455517530441284,0.9646009802818298,0.12637928128242493,0.2758356034755707
down,0.5146850347518921,0.3103258013725281,-0.23433029651641846,0.999273419380188,0.5182865262031555,0.2974660098552704,-0.2158815860748291,0.9991278052330017,0.5209544897079468,0.2975563704967499,-0.21590599417686462,0.9987401366233826,0.5237263441085815,0.2977309823036194,-0.21597644686698914,0.9990008473396301,0.5098424553871155,0.2982766330242157,-0.2115279734134674,0.9990981221199036,0.5069311261177063,0.2987210750579834,-0.21157412230968475,0.9986463189125061,0.5040084719657898,0.29931560158729553,-0.21158155798912048,0.9990062713623047,0.5285192728042603,0.3043742775917053,-0.11400357633829117,0.9985872507095337,0.49841445684432983,0.3060433566570282,-0.09681365638971329,0.9985524415969849,0.5214905142784119,0.32719993591308594,-0.1965932846069336,0.9986739754676819,0.5101562142372131,0.3262403607368469,-0.19169768691062927,0.9986768364906311,0.5583588480949402,0.3743637204170227,-0.06889549642801285,0.9990261197090149,0.4758492112159729,0.38137757778167725,-0.03880351036787033,0.9992075562477112,0.6132881045341492,0.3947749137878418,-0.19367282092571259,0.9941882491111755,0.42229780554771423,0.40660449862480164,-0.16061198711395264,0.9936783909797668,0.5859979391098022,0.30159324407577515,-0.3308899998664856,0.9640925526618958,0.4438656270503998,0.3148120045661926,-0.3416619896888733,0.9829322099685669,0.5811887383460999,0.2760835289955139,-0.36723095178604126,0.9179192781448364,0.4480994641780853,0.28764086961746216,-0.38257506489753723,0.9537533521652222,0.5753724575042725,0.2731413245201111,-0.35070064663887024,0.9098555445671082,0.4529228210449219,0.28701052069664,-0.3634687662124634,0.9475818276405334,0.5741452574729919,0.28486406803131104,-0.3281044661998749,0.9044758677482605,0.4547033905982971,0.29943323135375977,-0.34052571654319763,0.9392568469047546,0.5451198816299438,0.6164995431900024,-0.009473316371440887,0.9984973073005676,0.4922510087490082,0.6211608648300171,0.009467503987252712,0.9980999231338501,0.5503325462341309,0.7899891138076782,-0.021270770579576492,0.5090233087539673,0.490081787109375,0.7968026995658875,0.01569003239274025,0.5414058566093445,0.5731099247932434,0.9368741512298584,0.10166551917791367,0.2934211790561676,0.49050936102867126,0.9345161318778992,0.1686582863330841,0.34655269980430603,0.5698879361152649,0.9561195969581604,0.10875459015369415,0.29359114170074463,0.4968429505825043,0.9482907056808472,0.17986921966075897,0.30071592330932617,0.5755622982978821,0.9751952290534973,0.009502697736024857,0.27420464158058167,0.48002010583877563,0.9740108847618103,0.07758943736553192,0.2970106899738312
down,0.5231472253799438,0.32688409090042114,-0.20196883380413055,0.9995529651641846,0.5270382761955261,0.3113730251789093,-0.1865791231393814,0.9993993639945984,0.5299555659294128,0.3110755383968353,-0.18661370873451233,0.9991291165351868,0.5329530835151672,0.31092336773872375,-0.18667826056480408,0.9992821216583252,0.518072247505188,0.31187838315963745,-0.183686763048172,0.999406635761261,0.5146883130073547,0.3119751513004303,-0.18372993171215057,0.9991070628166199,0.5111649036407471,0.31213903427124023,-0.1837605983018875,0.9993382692337036,0.5373109579086304,0.3146444857120514,-0.08898104727268219,0.9989492893218994,0.5042884349822998,0.3160337805747986,-0.07763924449682236,0.9991947412490845,0.5289307832717896,0.34126579761505127,-0.1652100831270218,0.999262809753418,0.5188205242156982,0.3415053188800812,-0.16220684349536896,0.9992989301681519,0.5622920393943787,0.38070541620254517,-0.0341857373714447,0.9992399215698242,0.48079434037208557,0.3837256133556366,-0.014570852741599083,0.9994630813598633,0.6147327423095703,0.4082489311695099,-0.12408223003149033,0.9956281185150146,0.4300754964351654,0.42855143547058105,-0.11452068388462067,0.994804859161377,0.5944980382919312,0.31339412927627563,-0.24621136486530304,0.9862459897994995,0.4472641050815582,0.33610960841178894,-0.2878607511520386,0.9888875484466553,0.5918367505073547,0.2889418601989746,-0.2774321436882019,0.9562111496925354,0.45184946060180664,0.31389373540878296,-0.3255608081817627,0.9663512706756592,0.5866159796714783,0.2835976481437683,-0.26425567269325256,0.9504339098930359,0.45663613080978394,0.31198614835739136,-0.3107455372810364,0.961307168006897,0.5849539637565613,0.29365020990371704,-0.2440735399723053,0.9424296617507935,0.4579524099826813,0.31988009810447693,-0.2876380383968353,0.9544030427932739,0.5509183406829834,0.6211161613464355,-0.01246955618262291,0.9984232187271118,0.4969159662723541,0.6258882880210876,0.012510803528130054,0.9982619881629944,0.5537427663803101,0.7905622720718384,-0.02356068603694439,0.5572301745414734,0.4914565682411194,0.7973998785018921,0.021547887474298477,0.5780504941940308,0.5728429555892944,0.9369862079620361,0.08000335842370987,0.3022918701171875,0.48912423849105835,0.934240996837616,0.15922734141349792,0.3649768829345703,0.5717416405677795,0.9597434401512146,0.08553467690944672,0.2841401696205139,0.4969070851802826,0.9502543807029724,0.1692550629377365,0.3057217299938202,0.5777438879013062,0.9712614417076111,-0.01002368051558733,0.28760218620300293,0.4766991138458252,0.9693398475646973,0.07033935189247131,0.314456969499588
up,0.5174161195755005,0.33446425199508667,-0.33486613631248474,0.9984734058380127,0.5211429595947266,0.31997984647750854,-0.3191775679588318,0.9979989528656006,0.5240261554718018,0.31868791580200195,-0.319156289100647,0.9967825412750244,0.526959240436554,0.3176451623439789,-0.3192446827888489,0.9975103735923767,0.5128577947616577,0.3219450116157532,-0.31675270199775696,0.9974388480186462,0.510097861289978,0.3217048645019531,-0.31683605909347534,0.9957294464111328,0.5073935985565186,0.3215101361274719,-0.3168908357620239,0.996817409992218,0.531010627746582,0.31875255703926086,-0.22025763988494873,0.9958818554878235,0.5036932229995728,0.321396142244339,-0.21028044819831848,0.9968889951705933,0.5232909917831421,0.34417012333869934,-0.29631516337394714,0.9966637492179871,0.5132598876953125,0.3449991047382355,-0.2935035824775696,0.9966570138931274,0.5555964112281799,0.36069196462631226,-0.18969495594501495,0.9984015822410583,0.4845823347568512,0.36601588129997253,-0.1859266459941864,0.9986010193824768,0.5617291927337646,0.27064353227615356,-0.27190080285072327,0.9945528507232666,0.47573456168174744,0.2628691792488098,-0.25562742352485657,0.99522465467453,0.5386731028556824,0.15681757032871246,-0.308104544878006,0.9848701357841492,0.49482816457748413,0.15465503931045532,-0.2623714506626129,0.9870618581771851,0.5330899953842163,0.1312296986579895,-0.34371063113212585,0.9456532597541809,0.5021093487739563,0.12763535976409912,-0.29425153136253357,0.9561746716499329,0.5274050235748291,0.12933938205242157,-0.3357407748699188,0.9380171298980713,0.5048301815986633,0.12686511874198914,-0.2856411933898926,0.9497278332710266,0.52809739112854,0.13990603387355804,-0.3095865845680237,0.932254433631897,0.5043229460716248,0.1364949494600296,-0.2640167772769928,0.9465476274490356,0.5488857626914978,0.6145405769348145,0.0018617736641317606,0.9982817769050598,0.4987230896949768,0.6207455992698669,-0.0018476328114047647,0.9981823563575745,0.5509711503982544,0.7730320692062378,0.030237436294555664,0.45716437697410583,0.4995785653591156,0.777037501335144,0.031088611111044884,0.5359878540039062,0.552839994430542,0.9089875221252441,0.22256359457969666,0.25636789202690125,0.5003623962402344,0.9087084531784058,0.22615928947925568,0.3244088590145111,0.5493439435958862,0.9277181029319763,0.23840788006782532,0.2664054334163666,0.5016732215881348,0.9212457537651062,0.24147717654705048,0.20762786269187927,0.5557616949081421,0.9499160647392273,0.1466151773929596,0.2412421852350235,0.5051484704017639,0.9657886028289795,0.13930447399616241,0.26328837871551514
down,0.5190814137458801,0.3223521113395691,-0.2400221824645996,0.9996249079704285,0.522445797920227,0.3068060576915741,-0.23004034161567688,0.9994369745254517,0.5250991582870483,0.3062806725502014,-0.23006050288677216,0.999116063117981,0.5278373956680298,0.30604293942451477,-0.23015980422496796,0.9992876648902893,0.5157216787338257,0.30779895186424255,-0.22421327233314514,0.999433696269989,0.5133782625198364,0.30798226594924927,-0.22425158321857452,0.9991033673286438,0.5105758905410767,0.3082711696624756,-0.22427669167518616,0.9993793368339539,0.5334960222244263,0.3100096881389618,-0.14047634601593018,0.9988150596618652,0.5049787759780884,0.31196731328964233,-0.11524207890033722,0.9992603063583374,0.5261338949203491,0.3377741575241089,-0.20428462326526642,0.999272346496582,0.5163243412971497,0.33728107810020447,-0.19736823439598083,0.9993614554405212,0.5636534690856934,0.3764984607696533,-0.0709666758775711,0.9992275238037109,0.48090285062789917,0.3783974051475525,-0.0404348261654377,0.9994910955429077,0.617772102355957,0.41615164279937744,-0.17628267407417297,0.9967471957206726,0.42660754919052124,0.4253128170967102,-0.13174870610237122,0.9971523284912109,0.5924038887023926,0.32487404346466064,-0.316287636756897,0.987849235534668,0.45024529099464417,0.32976990938186646,-0.2951849699020386,0.9914360642433167,0.586845874786377,0.3011305630207062,-0.3487052321434021,0.9545832872390747,0.4541449546813965,0.3071673810482025,-0.3296605944633484,0.9682612419128418,0.5806556344032288,0.2957921028137207,-0.3328174948692322,0.9480403661727905,0.4591553807258606,0.3045092821121216,-0.3118012845516205,0.9628074765205383,0.579590916633606,0.30559980869293213,-0.31321531534194946,0.9378300905227661,0.46087366342544556,0.3135131895542145,-0.2933848202228546,0.9551327228546143,0.5500343441963196,0.6180744171142578,-0.00869747158139944,0.9980135560035706,0.4978300929069519,0.6217737197875977,0.00866817869246006,0.9978356957435608,0.5524022579193115,0.7910901308059692,-0.03098507784307003,0.5019362568855286,0.49646997451782227,0.7962993383407593,0.010468289256095886,0.5372685194015503,0.5697379112243652,0.9406985640525818,0.08275202661752701,0.25998738408088684,0.49702930450439453,0.930469274520874,0.1616007387638092,0.29635798931121826,0.5677002668380737,0.9638029336929321,0.08981205523014069,0.24979618191719055,0.5032019019126892,0.9410384297370911,0.17361043393611908,0.2277805060148239,0.5718491077423096,0.9699150919914246,-0.005775073077529669,0.25378939509391785,0.4907246530056,0.9755831956863403,0.0735320895910263,0.26504048705101013
up,0.5176922678947449,0.30634206533432007,-0.11571706831455231,0.999005138874054,0.5216096639633179,0.29277703166007996,-0.09058874845504761,0.9985557198524475,0.5247778296470642,0.2926415801048279,-0.09061266481876373,0.9976889491081238,0.5277881026268005,0.29270651936531067,-0.09067649394273758,0.9982863664627075,0.5114235877990723,0.2945275902748108,-0.08899681270122528,0.9981988668441772,0.5078043341636658,0.2957150340080261,-0.08903662115335464,0.996976375579834,0.504351019859314,0.2969747483730316,-0.08905775845050812,0.9977610111236572,0.5314788818359375,0.30209147930145264,0.009867025539278984,0.9974228143692017,0.5016611814498901,0.30445486307144165,0.01600482687354088,0.9977561831474304,0.5236376523971558,0.32235512137413025,-0.0816124677658081,0.9975023865699768,0.5121337175369263,0.32318049669265747,-0.07979784905910492,0.997424840927124,0.5571929812431335,0.3648267388343811,0.0020362541545182467,0.998076856136322,0.48448681831359863,0.37003958225250244,0.01171054132282734,0.9983105063438416,0.5700973868370056,0.27292370796203613,-0.07442010939121246,0.9949097633361816,0.46877774596214294,0.27647095918655396,-0.06993947178125381,0.9938863515853882,0.5391981601715088,0.17099657654762268,-0.1196807250380516,0.981688916683197,0.488795667886734,0.17278103530406952,-0.0717833936214447,0.9801085591316223,0.5300222635269165,0.14779765903949738,-0.15118607878684998,0.9391645193099976,0.4978843331336975,0.1444637030363083,-0.10308803617954254,0.9378034472465515,0.5255549550056458,0.14754392206668854,-0.14355060458183289,0.9314768314361572,0.5015133619308472,0.14571765065193176,-0.08951394259929657,0.9297282695770264,0.526797354221344,0.15875139832496643,-0.12055127322673798,0.9275216460227966,0.49983614683151245,0.15827225148677826,-0.07225671410560608,0.928617000579834,0.5483251214027405,0.6226952075958252,0.005653338972479105,0.9985670447349548,0.4970824718475342,0.6255133152008057,-0.005592340137809515,0.9984565377235413,0.5543676018714905,0.7813557982444763,0.05158932879567146,0.5141958594322205,0.4966980814933777,0.7874282002449036,0.02632099762558937,0.5657677054405212,0.558599591255188,0.9249125719070435,0.24817566573619843,0.28693461418151855,0.49854421615600586,0.9211108684539795,0.22307658195495605,0.3616439402103424,0.5533420443534851,0.9452405571937561,0.26465460658073425,0.2972366511821747,0.5048614144325256,0.9347996115684509,0.23804724216461182,0.25829795002937317,0.5673700571060181,0.9691658616065979,0.17332105338573456,0.25570186972618103,0.5035648941993713,0.9763262271881104,0.12896530330181122,0.28492915630340576
down,0.5188277959823608,0.3069441616535187,-0.1829424500465393,0.9997905492782593,0.5223931074142456,0.29278090596199036,-0.1682487279176712,0.9996522068977356,0.5251536965370178,0.29298561811447144,-0.16827747225761414,0.9994599223136902,0.5280004739761353,0.2934156656265259,-0.1683548390865326,0.9995458126068115,0.5145628452301025,0.29321393370628357,-0.1634255349636078,0.9996607303619385,0.5119938254356384,0.2933916449546814,-0.16347023844718933,0.999492347240448,0.5092340707778931,0.29386478662490845,-0.16349253058433533,0.9996316432952881,0.5332099199295044,0.3025207817554474,-0.07632679492235184,0.9992765784263611,0.5035502910614014,0.30304235219955444,-0.05616038292646408,0.9996046423912048,0.5256355404853821,0.3243190348148346,-0.14893296360969543,0.9996045231819153,0.5148167610168457,0.32337531447410583,-0.1434284746646881,0.999653160572052,0.5628896951675415,0.37840011715888977,-0.026166582480072975,0.9991081357002258,0.479790598154068,0.38198262453079224,0.007940007373690605,0.9995487332344055,0.6170135736465454,0.4145350158214569,-0.12402276694774628,0.9971833229064941,0.426736056804657,0.43295106291770935,-0.08075958490371704,0.9977325201034546,0.5898069143295288,0.32758575677871704,-0.24701860547065735,0.9884380102157593,0.45097869634628296,0.33632558584213257,-0.23441854119300842,0.992310106754303,0.5838441848754883,0.3032337427139282,-0.276378333568573,0.948789119720459,0.45471492409706116,0.3141615688800812,-0.2674069106578827,0.9671597480773926,0.577914834022522,0.298101007938385,-0.2589121162891388,0.9405999183654785,0.45914211869239807,0.3120725452899933,-0.24740931391716003,0.9611732363700867,0.5765286087989807,0.3084295392036438,-0.24281474947929382,0.9293440580368042,0.46062612533569336,0.3206517994403839,-0.23163878917694092,0.9529426097869873,0.5490996241569519,0.6185476779937744,-0.011103210039436817,0.9977987408638,0.4968811571598053,0.6195727586746216,0.011086100712418556,0.9977584481239319,0.5526434183120728,0.7977612614631653,-0.036988336592912674,0.4876323938369751,0.4959285855293274,0.7994624376296997,0.004410862922668457,0.5378955006599426,0.5696574449539185,0.9472615718841553,0.07904858887195587,0.24377097189426422,0.49670496582984924,0.9378123879432678,0.1408042460680008,0.3139704763889313,0.5681964159011841,0.9703704118728638,0.08642067015171051,0.22145739197731018,0.5024046897888184,0.9624531865119934,0.1511489897966385,0.2355111539363861,0.5726996064186096,0.973309338092804,-0.006451138760894537,0.23458285629749298,0.4879453182220459,0.9779053330421448,0.05103033781051636,0.276318222284317
up,0.5165377855300903,0.3227887749671936,-0.005745989736169577,0.9985343217849731,0.5191640853881836,0.30968713760375977,-0.024803142994642258,0.9980788826942444,0.5193777680397034,0.3097456097602844,-0.024799183011054993,0.9971498847007751,0.519188642501831,0.30984383821487427,-0.024803943932056427,0.9976635575294495,0.5157365202903748,0.3105255663394928,-0.02410305291414261,0.9978210926055908,0.5157498121261597,0.3108661472797394,-0.024122033268213272,0.9965611100196838,0.5163441896438599,0.3105074465274811,-0.02419426664710045,0.9974325895309448,0.5180544257164001,0.3149406313896179,-0.06205365061759949,0.9968588948249817,0.520064651966095,0.31494107842445374,-0.06131187826395035,0.9977267384529114,0.5198282599449158,0.3344009220600128,-0.017941724509000778,0.9974015355110168,0.5150928497314453,0.33280596137046814,-0.017836671322584152,0.99764084815979,0.5000410676002502,0.36332324147224426,-0.07585866004228592,0.9980921745300293,0.5393118262290955,0.3661709129810333,-0.0745682492852211,0.9989123344421387,0.48736876249313354,0.26486650109291077,-0.09616221487522125,0.9847309589385986,0.5368025898933411,0.2712360918521881,-0.07734738290309906,0.9839469194412231,0.5117021799087524,0.15686334669589996,-0.14225712418556213,0.9781541228294373,0.5204413533210754,0.15426059067249298,-0.12060309946537018,0.9855608344078064,0.5082430243492126,0.1344914734363556,-0.16685152053833008,0.9400792121887207,0.5200201272964478,0.12887313961982727,-0.14401525259017944,0.9589114785194397,0.5141739845275879,0.1326964646577835,-0.1710233837366104,0.9318111538887024,0.5174871683120728,0.12773242592811584,-0.1506342589855194,0.9529500007629395,0.5154353380203247,0.14101997017860413,-0.14704391360282898,0.9241141080856323,0.5173686742782593,0.13746608793735504,-0.12597094476222992,0.9472746253013611,0.5099242925643921,0.618549108505249,-0.0043035936541855335,0.9983841776847839,0.5364383459091187,0.6206973791122437,0.004406343214213848,0.9982895255088806,0.5091407299041748,0.7807026505470276,0.03135617822408676,0.5609057545661926,0.5403982996940613,0.7804930806159973,0.03873772174119949,0.5943477749824524,0.5031955242156982,0.9229587912559509,0.11762487888336182,0.32814666628837585,0.5495603084564209,0.9216498732566833,0.1074594259262085,0.39741161465644836,0.507831871509552,0.9442294836044312,0.12145335972309113,0.33147671818733215,0.544740617275238,0.9402624368667603,0.11224494129419327,0.31633222103118896,0.49269208312034607,0.9540615677833557,0.06769470870494843,0.27061015367507935,0.5621961355209351,0.9608078002929688,0.069120854139328,0.30496683716773987
down,0.5149861574172974,0.3294145464897156,-0.2848753333091736,0.9995914101600647,0.5189023613929749,0.3131163418292999,-0.27576062083244324,0.9994134306907654,0.5216394662857056,0.312724769115448,-0.2757733464241028,0.9990742206573486,0.5246175527572632,0.31263700127601624,-0.2758778929710388,0.99925696849823,0.5124337077140808,0.31360724568367004,-0.26957687735557556,0.9993851184844971,0.5103237628936768,0.3135158121585846,-0.26961249113082886,0.9990155100822449,0.508029580116272,0.3135828673839569,-0.26962295174598694,0.9993190169334412,0.531715989112854,0.316100150346756,-0.18537947535514832,0.9987981915473938,0.5046561360359192,0.3171478509902954,-0.1581258475780487,0.9992331266403198,0.5221871137619019,0.3429514467716217,-0.24834808707237244,0.9991617798805237,0.5125100612640381,0.342472642660141,-0.24065034091472626,0.9992669820785522,0.5618729591369629,0.3797159492969513,-0.1179017573595047,0.9989926218986511,0.47990137338638306,0.38304710388183594,-0.07518893480300903,0.9994374513626099,0.6152386665344238,0.41672515869140625,-0.2334195077419281,0.9948806762695312,0.4269486367702484,0.43316301703453064,-0.17017212510108948,0.9953460097312927,0.5890323519706726,0.3287559449672699,-0.3968299925327301,0.9840152859687805,0.450162410736084,0.3427167236804962,-0.3393290340900421,0.9899446964263916,0.5825811624526978,0.30670443177223206,-0.4345853328704834,0.9458824992179871,0.45512670278549194,0.31827422976493835,-0.3756658732891083,0.9665099382400513,0.5761495232582092,0.3023386299610138,-0.4174259603023529,0.938193142414093,0.45986634492874146,0.3156295120716095,-0.35851067304611206,0.9608737826347351,0.575156569480896,0.3118756413459778,-0.3940787613391876,0.9270948171615601,0.4612080156803131,0.3238425552845001,-0.3381265699863434,0.9529143571853638,0.5496829748153687,0.6195526123046875,-0.013897284865379333,0.9979502558708191,0.4981861710548401,0.6248490810394287,0.013841432519257069,0.9979003071784973,0.5544202923774719,0.7953261733055115,-0.04086600989103317,0.5030063986778259,0.49643388390541077,0.7972652912139893,0.015246552415192127,0.5452694296836853,0.5746318101882935,0.936572790145874,0.0767579972743988,0.27746522426605225,0.4975760579109192,0.9320181012153625,0.16473159193992615,0.32278940081596375,0.5733641386032104,0.9590644240379333,0.08668109774589539,0.2573705315589905,0.503541111946106,0.9546775221824646,0.17613080143928528,0.2454291433095932,0.5786393880844116,0.9668792486190796,-0.009619100019335747,0.2645505964756012,0.4867784380912781,0.9687430262565613,0.07589210569858551,0.2793067991733551
down,0.5174676775932312,0.33172351121902466,-0.28852659463882446,0.9996384382247925,0.5213236212730408,0.31610551476478577,-0.27998456358909607,0.9994666576385498,0.5241263508796692,0.3158433437347412,-0.2800047993659973,0.9991331696510315,0.5270615220069885,0.3156207501888275,-0.28012514114379883,0.9993021488189697,0.5142518281936646,0.3158392012119293,-0.2744120955467224,0.9994490146636963,0.5122376084327698,0.315353125333786,-0.27445268630981445,0.9991226196289062,0.5101660490036011,0.3149660527706146,-0.2744612991809845,0.9994000792503357,0.5330156683921814,0.31588995456695557,-0.18759575486183167,0.9988654255867004,0.506310760974884,0.31591424345970154,-0.16357308626174927,0.999370276927948,0.5247703790664673,0.3451080322265625,-0.2503011226654053,0.9992509484291077,0.5144631862640381,0.3440796434879303,-0.2441970556974411,0.9993873834609985,0.5622265934944153,0.37694472074508667,-0.12566205859184265,0.9989143013954163,0.479332834482193,0.38071098923683167,-0.07041361927986145,0.9992677569389343,0.6160784959793091,0.4233189523220062,-0.22713744640350342,0.9964005947113037,0.4258190989494324,0.4338507652282715,-0.14687535166740417,0.9972555637359619,0.5901028513908386,0.33659255504608154,-0.3858877420425415,0.9862520694732666,0.4458329677581787,0.34150201082229614,-0.30909964442253113,0.9904584884643555,0.5819025635719299,0.31134116649627686,-0.42297855019569397,0.9448674321174622,0.4498867392539978,0.31475451588630676,-0.342227965593338,0.9640251994132996,0.5753127336502075,0.306667298078537,-0.404384046792984,0.9364246129989624,0.4550545811653137,0.31086739897727966,-0.3263312876224518,0.9578995108604431,0.5744876861572266,0.3156491816043854,-0.3825475871562958,0.9261459708213806,0.456575483083725,0.3196330964565277,-0.3079164922237396,0.9508007764816284,0.5484393239021301,0.617300271987915,-0.012211448512971401,0.9978231191635132,0.4977124333381653,0.6219215393066406,0.012169883586466312,0.9976637959480286,0.5511676669120789,0.7926037311553955,-0.054023534059524536,0.5076701045036316,0.4969099164009094,0.7963013648986816,0.0026384706143289804,0.540458619594574,0.5701220035552979,0.9407999515533447,0.0658123791217804,0.27327990531921387,0.49639254808425903,0.9344676733016968,0.14068812131881714,0.3131300210952759,0.5691239833831787,0.9633078575134277,0.07361488789319992,0.25871363282203674,0.5020365118980408,0.9427297711372375,0.15115560591220856,0.22586911916732788,0.575120210647583,0.9668132066726685,-0.023945000022649765,0.26315030455589294,0.48626580834388733,0.9722559452056885,0.051537640392780304,0.26835668087005615
up,0.5172079801559448,0.33837321400642395,-0.33377358317375183,0.9990502595901489,0.5208793878555298,0.321683406829834,-0.3183864653110504,0.9987392425537109,0.523774266242981,0.3202458620071411,-0.3183038532733917,0.998008668422699,0.5265700817108154,0.31934696435928345,-0.31835445761680603,0.9984611868858337,0.5127778053283691,0.32336127758026123,-0.3276628851890564,0.9984568357467651,0.5101326704025269,0.3226994276046753,-0.32773417234420776,0.9973597526550293,0.5075564980506897,0.32218945026397705,-0.32767254114151,0.9980758428573608,0.5310164093971252,0.32020846009254456,-0.24489843845367432,0.9974952936172485,0.5065358281135559,0.3215806782245636,-0.22189505398273468,0.9980205297470093,0.5231069326400757,0.34597259759902954,-0.3069843053817749,0.9977046847343445,0.5132716298103333,0.34597891569137573,-0.3241681456565857,0.9977638721466064,0.5559200048446655,0.3629816174507141,-0.2023009955883026,0.998188853263855,0.48711007833480835,0.3707653880119324,-0.15788628160953522,0.9987183809280396,0.5689535737037659,0.27683866024017334,-0.3510998785495758,0.9963606595993042,0.4596553444862366,0.28248894214630127,-0.28717392683029175,0.9956331849098206,0.5393136143684387,0.1759345680475235,-0.460186630487442,0.9856042265892029,0.4865315854549408,0.17405058443546295,-0.36143097281455994,0.9877849221229553,0.5300912261009216,0.15146930515766144,-0.5083132982254028,0.9448884129524231,0.4955899715423584,0.14413923025131226,-0.4006289541721344,0.9589239358901978,0.5255026817321777,0.15281064808368683,-0.4889458119869232,0.9365039467811584,0.5019698739051819,0.14747151732444763,-0.38578087091445923,0.9526743292808533,0.5264452695846558,0.16421306133270264,-0.4596395492553711,0.9312336444854736,0.4995618462562561,0.16107246279716492,-0.3617789149284363,0.9494905471801758,0.5407536029815674,0.615369975566864,-0.0041778539307415485,0.9984097480773926,0.5014394521713257,0.6217858195304871,0.004086150322109461,0.9982362389564514,0.5469614863395691,0.7799333333969116,0.041476957499980927,0.4772958755493164,0.5012182593345642,0.7817501425743103,0.04032203555107117,0.5536050200462341,0.5532702803611755,0.9232876896858215,0.20424985885620117,0.2774141728878021,0.4983285963535309,0.9169708490371704,0.21425557136535645,0.3317231833934784,0.5506487488746643,0.9436264634132385,0.2160199135541916,0.2748202681541443,0.5010365843772888,0.9350237250328064,0.22705581784248352,0.21805082261562347,0.5546929836273193,0.9598902463912964,0.12230426073074341,0.25606903433799744,0.5017325282096863,0.9776636958122253,0.12350984662771225,0.26693615317344666
down,0.5175365209579468,0.3259919583797455,-0.2644563317298889,0.9992173314094543,0.520654559135437,0.310073584318161,-0.2527121901512146,0.9990532398223877,0.5232563018798828,0.30934950709342957,-0.2527311444282532,0.998663604259491,0.5258690714836121,0.3087587356567383,-0.2528252899646759,0.9989235401153564,0.5134753584861755,0.31135618686676025,-0.24702779948711395,0.9989818930625916,0.5107450485229492,0.31158626079559326,-0.2470630407333374,0.9985074400901794,0.5078665614128113,0.31188449263572693,-0.24706652760505676,0.9988955855369568,0.5313846468925476,0.3121287524700165,-0.1613629162311554,0.9985719919204712,0.5033716559410095,0.31511276960372925,-0.13572610914707184,0.9985503554344177,0.5246747732162476,0.34037020802497864,-0.22851800918579102,0.9986534118652344,0.515074610710144,0.340777724981308,-0.22145049273967743,0.998664915561676,0.5635355710983276,0.3771737813949585,-0.09622402489185333,0.9990304112434387,0.4803687036037445,0.3840329349040985,-0.06109309941530228,0.9991927146911621,0.6182605028152466,0.39871108531951904,-0.22609834372997284,0.9956730604171753,0.425991952419281,0.42347264289855957,-0.1667959988117218,0.9952507615089417,0.586154043674469,0.3113662004470825,-0.35940998792648315,0.959964394569397,0.45054301619529724,0.32884615659713745,-0.347866415977478,0.9807196259498596,0.580681562423706,0.2890865206718445,-0.3953137993812561,0.9026941061019897,0.454132080078125,0.3059128522872925,-0.3894443213939667,0.9475746750831604,0.5753961801528931,0.28514912724494934,-0.3757369816303253,0.8924497961997986,0.4596071243286133,0.30486440658569336,-0.36833271384239197,0.9410722255706787,0.57448410987854,0.2957149147987366,-0.355404794216156,0.8861278891563416,0.46164384484291077,0.31460830569267273,-0.34609895944595337,0.9311779737472534,0.5493109226226807,0.6186441779136658,-0.009468071162700653,0.9976882934570312,0.49710434675216675,0.6231980919837952,0.00942122284322977,0.9972581267356873,0.5529927611351013,0.7949027419090271,-0.027221525087952614,0.48039066791534424,0.49712124466896057,0.8023813962936401,-0.004670890513807535,0.506793200969696,0.5705505609512329,0.939810037612915,0.09913982450962067,0.2810341417789459,0.49678975343704224,0.9383375644683838,0.1328308880329132,0.30184924602508545,0.5691331624984741,0.9650428891181946,0.10650887340307236,0.2950269877910614,0.5026482939720154,0.9615875482559204,0.14230313897132874,0.28933754563331604,0.5727078318595886,0.96852046251297,0.009621580131351948,0.24593515694141388,0.4953984320163727,0.9990009069442749,0.029623353853821754,0.25145262479782104
up,0.5173781514167786,0.3403741121292114,-0.29987233877182007,0.9989895820617676,0.5209776163101196,0.32400429248809814,-0.2837452292442322,0.9987165927886963,0.5236748456954956,0.3225104510784149,-0.2837292551994324,0.9979469776153564,0.5264552235603333,0.32139310240745544,-0.2837996184825897,0.9983895421028137,0.5124733448028564,0.32581400871276855,-0.27920037508010864,0.9984247088432312,0.5095164775848389,0.32526901364326477,-0.2792454957962036,0.9973264932632446,0.5067107081413269,0.3248674273490906,-0.27924424409866333,0.997991144657135,0.5310615301132202,0.320495069026947,-0.19279053807258606,0.9972909092903137,0.5045914053916931,0.3241022527217865,-0.17210392653942108,0.9979748725891113,0.5230106115341187,0.3478717505931854,-0.2652466595172882,0.9975433945655823,0.5129367709159851,0.34888550639152527,-0.25888994336128235,0.9976374506950378,0.5547710657119751,0.3647438585758209,-0.23374810814857483,0.9983476996421814,0.48803797364234924,0.3684769868850708,-0.19783687591552734,0.9988219738006592,0.5663339495658875,0.2780447006225586,-0.31042149662971497,0.9955227375030518,0.46267518401145935,0.27875977754592896,-0.26971617341041565,0.9951828718185425,0.5423924922943115,0.17094722390174866,-0.3965131938457489,0.9818246960639954,0.49090757966041565,0.1720503717660904,-0.3039667308330536,0.986299455165863,0.5357954502105713,0.14458921551704407,-0.4399510324001312,0.9375046491622925,0.500137984752655,0.14190241694450378,-0.33987104892730713,0.9555551409721375,0.5285338163375854,0.146877259016037,-0.42573636770248413,0.9287475943565369,0.5048354864120483,0.14426250755786896,-0.3170650899410248,0.9488814473152161,0.5294021368026733,0.15822060406208038,-0.397154837846756,0.9242842197418213,0.5030872225761414,0.1570090800523758,-0.2990867793560028,0.9456323981285095,0.5447715520858765,0.6150080561637878,-0.0010217989329248667,0.9984606504440308,0.5018800497055054,0.6209909915924072,0.0009907132480293512,0.9983218312263489,0.5466816425323486,0.776897668838501,0.034940894693136215,0.488748162984848,0.5016142725944519,0.7818914651870728,0.039165619760751724,0.569452166557312,0.55355304479599,0.9238658547401428,0.22145536541938782,0.30303776264190674,0.5013225674629211,0.9170628786087036,0.22026042640209198,0.36088690161705017,0.5502117872238159,0.9431084394454956,0.23666468262672424,0.29522114992141724,0.5001435875892639,0.934000551700592,0.2342565953731537,0.23819059133529663,0.5586665868759155,0.9643751978874207,0.14688459038734436,0.27603521943092346,0.5032790303230286,0.98390132188797,0.1314525306224823,0.29375791549682617
down,0.5145910382270813,0.3307839035987854,-0.28536564111709595,0.9994384050369263,0.5180555582046509,0.3146316409111023,-0.2735089659690857,0.9992925524711609,0.5215050578117371,0.3139117658138275,-0.2735152840614319,0.9989316463470459,0.5245429277420044,0.3131549656391144,-0.27359694242477417,0.9991441965103149,0.5107837915420532,0.3154785931110382,-0.26754212379455566,0.9992480874061584,0.5082684755325317,0.3155256509780884,-0.2675904929637909,0.9988343715667725,0.5056883692741394,0.3155914843082428,-0.26759976148605347,0.9991678595542908,0.5305721759796143,0.31463009119033813,-0.18320158123970032,0.9986883997917175,0.5022357702255249,0.31812816858291626,-0.15665701031684875,0.9988889098167419,0.5221230983734131,0.34398823976516724,-0.2501707673072815,0.9989045858383179,0.5118218660354614,0.3438999056816101,-0.24254930019378662,0.9988958239555359,0.5617184042930603,0.37773239612579346,-0.13134007155895233,0.9987555742263794,0.4782523512840271,0.38469040393829346,-0.09410292655229568,0.9992115497589111,0.6174874901771545,0.39095932245254517,-0.2635633945465088,0.994614839553833,0.42476391792297363,0.42673441767692566,-0.20943287014961243,0.9942918419837952,0.5810040235519409,0.3079126477241516,-0.3877604901790619,0.9578652381896973,0.449434757232666,0.3317762613296509,-0.3657917380332947,0.9826805591583252,0.5739361047744751,0.287008672952652,-0.4238082766532898,0.9035786390304565,0.45294538140296936,0.30759772658348083,-0.402707576751709,0.9537519812583923,0.569170355796814,0.2847592234611511,-0.40136441588401794,0.8941085934638977,0.45883709192276,0.30639901757240295,-0.3836856186389923,0.9475679397583008,0.5686851143836975,0.2949841320514679,-0.38273531198501587,0.8868946433067322,0.46091851592063904,0.31650692224502563,-0.363993376493454,0.9384095668792725,0.5486597418785095,0.6183664798736572,-0.014212129637598991,0.9980543255805969,0.4969446659088135,0.6233781576156616,0.014147433452308178,0.997849702835083,0.5512937307357788,0.7935650944709778,-0.02850254438817501,0.49616438150405884,0.4962007999420166,0.7975779175758362,0.0330425389111042,0.527050256729126,0.5677138566970825,0.9354093670845032,0.10264116525650024,0.2803936302661896,0.4960699677467346,0.9309357404708862,0.1886407881975174,0.3063749670982361,0.5667877197265625,0.9571605920791626,0.11025206744670868,0.2740602493286133,0.5014823079109192,0.9436922073364258,0.20030561089515686,0.2713548541069031,0.5685442686080933,0.9684526920318604,0.009792579337954521,0.25016123056411743,0.48460012674331665,0.9723109006881714,0.09911611676216125,0.261613667011261
up,0.5137915015220642,0.3365437686443329,-0.21581165492534637,0.9979702234268188,0.5168264508247375,0.3199710547924042,-0.19961461424827576,0.9973871111869812,0.5192610621452332,0.31845539808273315,-0.19961903989315033,0.9957751035690308,0.5216471552848816,0.3172672986984253,-0.19970174133777618,0.9967312216758728,0.5100483298301697,0.32185307145118713,-0.1957794725894928,0.9967730045318604,0.5076661109924316,0.3214271664619446,-0.19581648707389832,0.99455726146698,0.5052450895309448,0.3210076093673706,-0.19583390653133392,0.9960483908653259,0.5252594351768494,0.3182540833950043,-0.10791673511266708,0.9944961667060852,0.5049632787704468,0.32066988945007324,-0.09242938458919525,0.9953817129135132,0.5191272497177124,0.3452775478363037,-0.18087200820446014,0.9949570894241333,0.5107482671737671,0.34542036056518555,-0.17631782591342926,0.9948893189430237,0.5509682297706604,0.3620905578136444,-0.10050485283136368,0.9973627924919128,0.487002432346344,0.36971038579940796,-0.08216367661952972,0.9974260330200195,0.5607184171676636,0.2746962010860443,-0.22399942576885223,0.9911167621612549,0.46223926544189453,0.2820737063884735,-0.1528385728597641,0.9894057512283325,0.5375195741653442,0.16638362407684326,-0.28133293986320496,0.9776023626327515,0.4845583438873291,0.17103976011276245,-0.16324326395988464,0.9778960943222046,0.5291253328323364,0.14038315415382385,-0.326343834400177,0.9318240284919739,0.49135130643844604,0.1438775211572647,-0.1962115615606308,0.9403858184814453,0.5247166156768799,0.1415301263332367,-0.3167046308517456,0.9232456088066101,0.49771198630332947,0.14280915260314941,-0.18494859337806702,0.933177649974823,0.5255361795425415,0.15309344232082367,-0.2843194901943207,0.9193748831748962,0.496615469455719,0.1548682451248169,-0.1640656292438507,0.931637167930603,0.5356397032737732,0.6182858943939209,0.00031895763822831213,0.9984103441238403,0.5054763555526733,0.622816801071167,-0.0002857194631360471,0.9981583952903748,0.5407339930534363,0.7770724892616272,0.043321844190359116,0.48612022399902344,0.5056602358818054,0.783821165561676,0.03843725472688675,0.5760893225669861,0.5493127703666687,0.9221459031105042,0.22668185830116272,0.2854648232460022,0.5032209157943726,0.9192253351211548,0.21915817260742188,0.3632659912109375,0.5464618802070618,0.9404186010360718,0.24193546175956726,0.2893240451812744,0.5027800798416138,0.9338567852973938,0.23363392055034637,0.24002744257450104,0.5518761873245239,0.9574480056762695,0.15492400527000427,0.25599706172943115,0.5049256086349487,0.9826465845108032,0.1339005082845688,0.2838931381702423
up,0.5160436630249023,0.3092762231826782,-0.09978192299604416,0.9991938471794128,0.5201878547668457,0.29653963446617126,-0.07529802620410919,0.9988711476325989,0.5229955315589905,0.2967250943183899,-0.075335294008255,0.9981997609138489,0.525753915309906,0.29708465933799744,-0.07541359215974808,0.9986876845359802,0.5111758708953857,0.2979682385921478,-0.07259634882211685,0.9985746145248413,0.5077952146530151,0.2991211712360382,-0.0726284459233284,0.9975849986076355,0.5046517252922058,0.3001181483268738,-0.07264818251132965,0.9982012510299683,0.5296614766120911,0.30694180727005005,0.01939694955945015,0.9978392124176025,0.5016636252403259,0.30655235052108765,0.030007634311914444,0.9978139996528625,0.5214759111404419,0.32475748658180237,-0.06797964870929718,0.9980605840682983,0.5112167000770569,0.32573461532592773,-0.06486095488071442,0.997765839099884,0.5549770593643188,0.3667850196361542,0.005414185114204884,0.9983536601066589,0.4835161566734314,0.36981651186943054,0.0219358429312706,0.9981984496116638,0.560943603515625,0.2718539834022522,-0.06913180649280548,0.9959177374839783,0.4708632826805115,0.27375921607017517,-0.036079373210668564,0.9928056001663208,0.5449779033660889,0.15711474418640137,-0.1013641357421875,0.9855384826660156,0.4825921654701233,0.1673218160867691,-0.053672730922698975,0.9829705953598022,0.5413030385971069,0.12927307188510895,-0.13739392161369324,0.9471530318260193,0.4848756194114685,0.14085203409194946,-0.08823517709970474,0.9481839537620544,0.5330066680908203,0.12834441661834717,-0.13368065655231476,0.9396543502807617,0.49232083559036255,0.1358930468559265,-0.08304382115602493,0.9411208629608154,0.5331815481185913,0.13880684971809387,-0.10517239570617676,0.9339314699172974,0.49280214309692383,0.14548079669475555,-0.05880880355834961,0.9395596981048584,0.5472429990768433,0.6174003481864929,0.002926355693489313,0.9987562894821167,0.49657076597213745,0.6230416297912598,-0.0028124325908720493,0.9986267685890198,0.5525649785995483,0.7775306701660156,0.03788647800683975,0.5318853259086609,0.49627813696861267,0.7831469178199768,0.017815036699175835,0.5610323548316956,0.5586280822753906,0.9187700152397156,0.23189210891723633,0.3004976212978363,0.4974108338356018,0.9108068943023682,0.22418944537639618,0.3576348125934601,0.5525277853012085,0.9376717209815979,0.2478512078523636,0.28802433609962463,0.5013678669929504,0.9251464605331421,0.23998217284679413,0.24805419147014618,0.5662106871604919,0.9662720561027527,0.15732869505882263,0.2678130269050598,0.4942665100097656,0.9633607864379883,0.1344114989042282,0.28983962535858154
down,0.5087887048721313,0.31915169954299927,-0.1872522085905075,0.9997172355651855,0.5139872431755066,0.3039299249649048,-0.17484693229198456,0.999583899974823,0.5175920724868774,0.3038270175457001,-0.17491808533668518,0.9993506073951721,0.5210169553756714,0.3040419816970825,-0.17499490082263947,0.9994662404060364,0.5045348405838013,0.3048616945743561,-0.17088960111141205,0.9995430707931519,0.5017024874687195,0.30514439940452576,-0.17092584073543549,0.9992703795433044,0.4993409216403961,0.3054969310760498,-0.1709403693675995,0.9994633197784424,0.5265628099441528,0.3104645907878876,-0.08207883685827255,0.9991259574890137,0.4970077872276306,0.3122931718826294,-0.06537392735481262,0.9994315505027771,0.5163763761520386,0.3339329659938812,-0.15149492025375366,0.9994258284568787,0.5037602186203003,0.33431485295295715,-0.1467028111219406,0.9994747042655945,0.5588660836219788,0.3909774422645569,-0.02910584583878517,0.9992815256118774,0.47239676117897034,0.39348411560058594,-0.0028808556962758303,0.9994869232177734,0.5942244529724121,0.46925321221351624,-0.14416123926639557,0.9948557615280151,0.44146817922592163,0.48999544978141785,-0.0970015600323677,0.9953559041023254,0.5893264412879944,0.4257262349128723,-0.34481996297836304,0.9861526489257812,0.43092021346092224,0.4677397310733795,-0.32564499974250793,0.9925842881202698,0.5874679684638977,0.41773322224617004,-0.38991668820381165,0.9540020823478699,0.42702317237854004,0.46217209100723267,-0.36993730068206787,0.9734016060829163,0.5806795954704285,0.4047750234603882,-0.3877562880516052,0.948698103427887,0.43003401160240173,0.45003196597099304,-0.3769443929195404,0.9694624543190002,0.5797044038772583,0.40767568349838257,-0.34994271397590637,0.9397816061973572,0.4327283501625061,0.45204436779022217,-0.33510419726371765,0.964320182800293,0.5441023707389832,0.6205455660820007,-0.014381753280758858,0.9985504150390625,0.4911912977695465,0.6250201463699341,0.014432216994464397,0.9983254075050354,0.5488970279693604,0.7903086543083191,-0.024485614150762558,0.543258011341095,0.4924655556678772,0.7855156064033508,0.08062351495027542,0.5608010292053223,0.5619347095489502,0.9356661438941956,0.06746960431337357,0.2884177565574646,0.49187007546424866,0.9237562417984009,0.2671085000038147,0.32346203923225403,0.5571140050888062,0.9512505531311035,0.07233457267284393,0.2643508017063141,0.49764227867126465,0.93929123878479,0.2824907898902893,0.253166526556015,0.5644306540489197,0.966658353805542,-0.02421322837471962,0.27624762058258057,0.4787483811378479,0.961665153503418,0.19529208540916443,0.2864198386669159
